{"cameraMode":{"drawMode":0,"name":"Shaded","section":"Shading Mode"},"sceneLighting":true,"audioPlay":false,"sceneViewState":{"m_AlwaysRefresh":false,"showFog":true,"showSkybox":true,"showFlares":true,"showImageEffects":true,"showParticleSystems":true,"showVisualEffectGraphs":true,"m_FxEnabled":true},"in2DMode":false,"pivot":{"x":69.6350326538086,"y":16.089082717895509,"z":11.702808380126954},"rotation":{"x":0.001215428113937378,"y":0.9756103157997131,"z":-0.2205287665128708,"w":0.002254157094284892},"size":11.664034843444825,"orthographic":false}