{"cameraMode":{"drawMode":0,"name":"Shaded","section":"Shading Mode"},"sceneLighting":true,"audioPlay":false,"sceneViewState":{"m_AlwaysRefresh":false,"showFog":true,"showSkybox":true,"showFlares":true,"showImageEffects":true,"showParticleSystems":true,"showVisualEffectGraphs":true,"m_FxEnabled":false},"in2DMode":false,"pivot":{"x":73.05381774902344,"y":32.251983642578128,"z":62.85773849487305},"rotation":{"x":0.12261774390935898,"y":0.8355415463447571,"z":-0.20575059950351716,"w":0.4949720501899719},"size":3.7728018760681154,"orthographic":false}