{"cameraMode":{"drawMode":0,"name":"Shaded","section":"Shading Mode"},"sceneLighting":true,"audioPlay":false,"sceneViewState":{"m_AlwaysRefresh":false,"showFog":true,"showSkybox":true,"showFlares":true,"showImageEffects":true,"showParticleSystems":true,"showVisualEffectGraphs":true,"m_FxEnabled":true},"in2DMode":false,"pivot":{"x":-0.31538888812065127,"y":7.732666969299316,"z":22.459903717041017},"rotation":{"x":-0.12015752494335175,"y":0.6363728046417236,"z":-0.10258974134922028,"w":-0.7554070353507996},"size":9.916128158569336,"orthographic":false}