{"cameraMode":{"drawMode":0,"name":"Shaded","section":"Shading Mode"},"sceneLighting":true,"audioPlay":false,"sceneViewState":{"m_AlwaysRefresh":false,"showFog":true,"showSkybox":true,"showFlares":true,"showImageEffects":true,"showParticleSystems":true,"showVisualEffectGraphs":true,"m_FxEnabled":true},"in2DMode":false,"pivot":{"x":75.47959899902344,"y":24.871673583984376,"z":62.772605895996097},"rotation":{"x":0.18490120768547059,"y":0.751399576663971,"z":-0.23155857622623444,"w":0.5896580219268799},"size":0.7232406735420227,"orthographic":false}